rat_present,0,1
1,0.5049614112458655,0.49503858875413453
